lr-Adam,lr-Adam-1,step,trn_loss_step,epoch
5e-05,5e-05,49,,
,,49,1.3857002258300781,0
5e-05,5e-05,99,,
,,99,1.295857310295105,0
